[
    { "beatmapId": 1782387, "mods": "NM" },
    { "beatmapId": 1733571, "mods": "NM" },
    { "beatmapId": 635679, "mods": "NM" },
    { "beatmapId": 256840, "mods": "NM" },
    { "beatmapId": 1139048, "mods": "NM" },
    { "beatmapId": 425779, "mods": "NM" },
    { "beatmapId": 1251764, "mods": "HD" },
    { "beatmapId": 1530185, "mods": "HD" },
    { "beatmapId": 1009022, "mods": "HD" },
    { "beatmapId": 2809623, "mods": "HD" },
    { "beatmapId": 314034, "mods": "HR" },
    { "beatmapId": 384718, "mods": "HR" },
    { "beatmapId": 711678, "mods": "HR" },
    { "beatmapId": 143853, "mods": "HR" },
    { "beatmapId": 966566, "mods": "DT" },
    { "beatmapId": 204428, "mods": "DT" },
    { "beatmapId": 146929, "mods": "DT" },
    { "beatmapId": 1488810, "mods": "DT" },
    { "beatmapId": 1957224, "mods": "TB" },
    { "beatmapId": 718679, "mods": "TB" },
    { "beatmapId": 182001, "mods": "TB" }
]